SerialNO,model,error type,blockaddress,count
ref_LGF600L23c93140_60,LG-F600L,CRC32 not,90103808,1
ref_LGF600L23c93140_60,LG-F600L,CRC32 not,116162560,1
ref_LGF600L23c93140_60,LG-F600L,CRC32 not,65978368,1
ref_LGF600L23c93140_60,LG-F600L,CRC32 not,104316928,1
ref_LGF600L23c93140_60,LG-F600L,CRC32 not,3375104,1
ref_LGF600L23c93140_60,LG-F600L,CRC32 not,54231040,1
ref_LGF600L23c93140_60,LG-F600L,CRC32 not,13893632,1
ref_LGF600L23c93140_60,LG-F600L,CRC32 not,51650560,1
ref_LGF600L23c93140_60,LG-F600L,CRC32 not,34070528,1
ref_LGF600L23c93140_60,LG-F600L,CRC32 not,85098496,1
ref_LGF600L23c93140_60,LG-F600L,CRC32 not,60121088,1
ref_LGF600L23c93140_60,LG-F600L,CRC32 not,13099008,1
ref_LGF600L23c93140_60,LG-F600L,CRC32 not,25616384,1
ref_LGF600L23c93140_60,LG-F600L,CRC32 not,46661632,1
ref_LGF600L23c93140_60,LG-F600L,CRC32 not,53633024,1
ref_LGF600L23c93140_60,LG-F600L,CRC32 not,14999552,1
ref_LGF600L23c93140_60,LG-F600L,CRC32 not,78503936,1
ref_LGF600L23c93140_60,LG-F600L,CRC32 not,14417920,1
ref_LGF600L23c93140_60,LG-F600L,CRC32 not,104988672,1
ref_LGF600L23c93140_60,LG-F600L,CRC32 not,35504128,1
ref_LGF600L23c93140_60,LG-F600L,CRC32 not,45662208,1
ref_LGF600L23c93140_60,LG-F600L,CRC32 not,87900160,1
ref_LGF600L23c93140_60,LG-F600L,CRC32 not,0,1
ref_LGF600L23c93140_60,LG-F600L,CRC32 not,60170240,1
ref_LGF600L23c93140_60,LG-F600L,CRC32 not,117596160,1
ref_LGF600L23c93140_60,LG-F600L,CRC32 not,116137984,1
ref_LGF600L23c93140_60,LG-F600L,CRC32 not,58982400,1
ref_LGF600L23c93140_60,LG-F600L,CRC32 not,78307328,1
ref_LGF600L23c93140_60,LG-F600L,CRC32 not,86917120,1
ref_LGF600L23c93140_60,LG-F600L,CRC32 not,91979776,1
ref_LGF600L23c93140_60,LG-F600L,CRC32 not,21741568,1
ref_LGF600L23c93140_60,LG-F600L,CRC32 not,79257600,1
ref_LGF600L23c93140_60,LG-F600L,CRC32 not,114851840,1
ref_LGF600L23c93140_60,LG-F600L,CRC32 not,75128832,1
ref_LGF600L23c93140_60,LG-F600L,CRC32 not,60743680,1
ref_LGF600L23c93140_60,LG-F600L,CRC32 not,5619712,1
ref_LGF600L23c93140_60,LG-F600L,CRC32 not,79306752,1
ref_LGF600L23c93140_60,LG-F600L,CRC32 not,112861184,1
ref_LGF600L23c93140_60,LG-F600L,CRC32 not,91676672,1
ref_LGF600L23c93140_60,LG-F600L,CRC32 not,35487744,1
ref_LGF600L23c93140_60,LG-F600L,CRC32 not,10698752,1
ref_LGF600L23c93140_60,LG-F600L,CRC32 not,54960128,1
ref_LGF600L23c93140_60,LG-F600L,CRC32 not,74465280,1
ref_LGF600L23c93140_60,LG-F600L,CRC32 not,50495488,1
ref_LGF600L23c93140_60,LG-F600L,CRC32 not,109502464,1
ref_LGF600L23c93140_60,LG-F600L,CRC32 not,16261120,1
ref_LGF600L23c93140_60,LG-F600L,CRC32 not,50298880,1
ref_LGF600L23c93140_60,LG-F600L,CRC32 not,109887488,1
ref_LGF600L23c93140_60,LG-F600L,CRC32 not,79437824,1
ref_LGF600L23c93140_60,LG-F600L,CRC32 not,102514688,1
ref_LGF600L23c93140_60,LG-F600L,CRC32 not,36290560,1
ref_LGF600L23c93140_60,LG-F600L,CRC32 not,79667200,1
ref_LGF600L23c93140_60,LG-F600L,CRC32 not,119406592,1
ref_LGF600L23c93140_60,LG-F600L,CRC32 not,104505344,1
ref_LGF600L23c93140_60,LG-F600L,CRC32 not,14188544,1
ref_LGF600L23c93140_60,LG-F600L,CRC32 not,90456064,1
ref_LGF600L23c93140_60,LG-F600L,CRC32 not,10117120,1
ref_LGF600L23c93140_60,LG-F600L,CRC32 not,87818240,1
ref_LGF600L23c93140_60,LG-F600L,CRC32 not,25354240,1
ref_LGF600L23c93140_60,LG-F600L,CRC32 not,75284480,1
ref_LGF600L23c93140_60,LG-F600L,CRC32 not,2801664,1
ref_LGF600L23c93140_60,LG-F600L,CRC32 not,6062080,1
ref_LGF600L23c93140_60,LG-F600L,CRC32 not,15056896,1
ref_LGF600L23c93140_60,LG-F600L,CRC32 not,96567296,1
ref_LGF600L23c93140_60,LG-F600L,CRC32 not,78290944,1
ref_LGF600L23c93140_60,LG-F600L,CRC32 not,94527488,1
ref_LGF600L23c93140_60,LG-F600L,CRC32 not,117702656,1
ref_LGF600L23c93140_60,LG-F600L,CRC32 not,49774592,1
ref_LGF600L23c93140_60,LG-F600L,CRC32 not,115064832,1
ref_LGF600L23c93140_60,LG-F600L,CRC32 not,38715392,1
ref_LGF600L23c93140_60,LG-F600L,CRC32 not,77348864,1
ref_LGF600L23c93140_60,LG-F600L,CRC32 not,81707008,1
ref_LGF600L23c93140_60,LG-F600L,CRC32 not,84123648,1
ref_LGF600L23c93140_60,LG-F600L,CRC32 not,87277568,1
ref_LGF600L23c93140_60,LG-F600L,CRC32 not,57090048,1
ref_LGF600L23c93140_60,LG-F600L,CRC32 not,40484864,1
ref_LGF600L23c93140_60,LG-F600L,CRC32 not,83460096,1
ref_LGF600L23c93140_60,LG-F600L,CRC32 not,116736000,1
ref_LGF600L23c93140_60,LG-F600L,CRC32 not,109428736,1
ref_LGF600L23c93140_60,LG-F600L,CRC32 not,83566592,1
ref_LGF600L23c93140_60,LG-F600L,CRC32 not,96059392,1
ref_LGF600L23c93140_60,LG-F600L,CRC32 not,47955968,1
ref_LGF600L23c93140_60,LG-F600L,CRC32 not,29679616,1
ref_LGF600L23c93140_60,LG-F600L,CRC32 not,19742720,1
ref_LGF600L23c93140_60,LG-F600L,CRC32 not,53280768,2
ref_LGF600L23c93140_60,LG-F600L,CRC32 not,114950144,1
ref_LGF600L23c93140_60,LG-F600L,CRC32 not,23568384,1
ref_LGF600L23c93140_60,LG-F600L,CRC32 not,82968576,1
ref_LGF600L23c93140_60,LG-F600L,CRC32 not,94511104,1
ref_LGF600L23c93140_60,LG-F600L,CRC32 not,29843456,1
ref_LGF600L23c93140_60,LG-F600L,CRC32 not,81805312,1
ref_LGF600L23c93140_60,LG-F600L,CRC32 not,83419136,1
ref_LGF600L23c93140_60,LG-F600L,CRC32 not,9912320,1
ref_LGF600L23c93140_60,LG-F600L,CRC32 not,49782784,1
ref_LGF600L23c93140_60,LG-F600L,CRC32 not,34734080,1
ref_LGF600L23c93140_60,LG-F600L,CRC32 not,36708352,1
ref_LGF600L23c93140_60,LG-F600L,CRC32 not,70795264,1
ref_LGF600L23c93140_60,LG-F600L,CRC32 not,87654400,1
ref_LGF600L23c93140_60,LG-F600L,CRC32 not,14360576,1
ref_LGF600L23c93140_60,LG-F600L,CRC32 not,81682432,1
ref_LGF600L23c93140_60,LG-F600L,CRC32 not,104562688,1
ref_LGF600L23c93140_60,LG-F600L,CRC32 not,121921536,1
ref_LGF600L23c93140_60,LG-F600L,CRC32 not,88489984,1
ref_LGF600L23c93140_60,LG-F600L,CRC32 not,54075392,1
ref_LGF600L23c93140_60,LG-F600L,CRC32 not,60104704,1
ref_LGF600L23c93140_60,LG-F600L,CRC32 not,10592256,1
ref_LGF600L23c93140_60,LG-F600L,CRC32 not,118022144,1
ref_LGF600L23c93140_60,LG-F600L,CRC32 not,90652672,1
ref_LGF600L23c93140_60,LG-F600L,CRC32 not,87621632,1
ref_LGF600L23c93140_60,LG-F600L,CRC32 not,34676736,1
ref_LGF600L23c93140_60,LG-F600L,CRC32 not,93806592,1
ref_LGF600L23c93140_60,LG-F600L,CRC32 not,104382464,1
ref_LGF600L23c93140_60,LG-F600L,CRC32 not,114835456,1
ref_LGF600L23c93140_60,LG-F600L,CRC32 not,102948864,1
ref_LGF600L23c93140_60,LG-F600L,CRC32 not,90505216,1
ref_LGF600L23c93140_60,LG-F600L,CRC32 not,82616320,1
ref_LGF600L23c93140_60,LG-F600L,CRC32 not,53755904,1
ref_LGF600L23c93140_60,LG-F600L,CRC32 not,83255296,1
ref_LGF600L23c93140_60,LG-F600L,CRC32 not,60801024,1
ref_LGF600L23c93140_60,LG-F600L,CRC32 not,30121984,1
ref_LGF600L23c93140_60,LG-F600L,CRC32 not,63135744,1
ref_LGF600L23c93140_60,LG-F600L,CRC32 not,83132416,1
ref_LGF600L23c93140_60,LG-F600L,CRC32 not,39960576,1
ref_LGF600L23c93140_60,LG-F600L,CRC32 not,115359744,1
ref_LGF600L23c93140_60,LG-F600L,CRC32 not,105799680,1
ref_LGF600L23c93140_60,LG-F600L,CRC32 not,94412800,1
ref_LGF600L23c93140_60,LG-F600L,CRC32 not,48611328,1
ref_LGF600L23c93140_60,LG-F600L,CRC32 not,45268992,1
ref_LGF600L23c93140_60,LG-F600L,CRC32 not,50520064,1
ref_LGF600L23c93140_60,LG-F600L,CRC32 not,93396992,1
ref_LGF600L23c93140_60,LG-F600L,CRC32 not,114925568,1
ref_LGF600L23c93140_60,LG-F600L,CRC32 not,85590016,1
ref_LGF600L23c93140_60,LG-F600L,CRC32 not,62529536,1
ref_LGF600L23c93140_60,LG-F600L,CRC32 not,87760896,1
ref_LGF600L23c93140_60,LG-F600L,CRC32 not,62562304,1
ref_LGF600L23c93140_60,LG-F600L,CRC32 not,90439680,1
ref_LGF600L23c93140_60,LG-F600L,CRC32 not,45350912,1
ref_LGF600L23c93140_60,LG-F600L,CRC32 not,76791808,1
ref_LGF600L23c93140_60,LG-F600L,CRC32 not,60342272,1
ref_LGF600L23c93140_60,LG-F600L,CRC32 not,45948928,1
ref_LGF600L23c93140_60,LG-F600L,CRC32 not,76447744,1
ref_LGF600L23c93140_60,LG-F600L,CRC32 not,82051072,1
ref_LGF600L23c93140_60,LG-F600L,CRC32 not,76464128,1
ref_LGF600L23c93140_60,LG-F600L,CRC32 not,60694528,1
ref_LGF600L23c93140_60,LG-F600L,CRC32 not,66609152,1
ref_LGF600L23c93140_60,LG-F600L,CRC32 not,117391360,1
ref_LGF600L23c93140_60,LG-F600L,CRC32 not,79650816,1
ref_LGF600L23c93140_60,LG-F600L,CRC32 not,63463424,1
ref_LGF600L23c93140_60,LG-F600L,CRC32 not,74440704,1
ref_LGF600L23c93140_60,LG-F600L,CRC32 not,116326400,1
ref_LGF600L23c93140_60,LG-F600L,CRC32 not,76759040,1
ref_LGF600L23c93140_60,LG-F600L,CRC32 not,48078848,1
sleep_LGF600L045d2a20_60,LG-F600L,CRC32 not,30441472,1
sleep_LGF600L045d2a20_60,LG-F600L,CRC32 not,17842176,1
sleep_LGF600L045d2a20_60,LG-F600L,CRC32 not,92946432,1
sleep_LGF600L045d2a20_60,LG-F600L,CRC32 not,117276672,1
sleep_LGF600L045d2a20_60,LG-F600L,CRC32 not,85671936,1
sleep_LGF600L045d2a20_60,LG-F600L,CRC32 not,77398016,1
sleep_LGF600L045d2a20_60,LG-F600L,CRC32 not,75120640,1
sleep_LGF600L045d2a20_60,LG-F600L,CRC32 not,45473792,1
sleep_LGF600L045d2a20_60,LG-F600L,CRC32 not,33357824,1
sleep_LGF600L045d2a20_60,LG-F600L,CRC32 not,62652416,1
sleep_LGF600L045d2a20_60,LG-F600L,CRC32 not,42311680,1
sleep_LGF600L045d2a20_60,LG-F600L,CRC32 not,92069888,1
sleep_LGF600L045d2a20_60,LG-F600L,CRC32 not,102342656,1
sleep_LGF600L045d2a20_60,LG-F600L,CRC32 not,88047616,1
sleep_LGF600L045d2a20_60,LG-F600L,CRC32 not,85745664,1
sleep_LGF600L045d2a20_60,LG-F600L,CRC32 not,76988416,1
sleep_LGF600L045d2a20_60,LG-F600L,CRC32 not,15335424,1
sleep_LGF600L045d2a20_60,LG-F600L,CRC32 not,93085696,1
sleep_LGF600L045d2a20_60,LG-F600L,CRC32 not,52969472,1
sleep_LGF600L045d2a20_60,LG-F600L,CRC32 not,102121472,1
sleep_LGF600L045d2a20_60,LG-F600L,CRC32 not,13737984,1
sleep_LGF600L045d2a20_60,LG-F600L,CRC32 not,105570304,1
sleep_LGF600L045d2a20_60,LG-F600L,CRC32 not,19464192,1
sleep_LGF600L045d2a20_60,LG-F600L,CRC32 not,87277568,1
sleep_LGF600L045d2a20_60,LG-F600L,CRC32 not,75464704,1
sleep_LGF600L045d2a20_60,LG-F600L,CRC32 not,93011968,1
sleep_LGF600L045d2a20_60,LG-F600L,CRC32 not,17293312,1
sleep_LGF600L045d2a20_60,LG-F600L,CRC32 not,96911360,1
sleep_LGF600L045d2a20_60,LG-F600L,CRC32 not,50003968,1
sleep_LGF600L045d2a20_60,LG-F600L,CRC32 not,87957504,1
sleep_LGF600L045d2a20_60,LG-F600L,CRC32 not,117063680,1
sleep_LGF600L045d2a20_60,LG-F600L,CRC32 not,84647936,1
sleep_LGF600L045d2a20_60,LG-F600L,CRC32 not,95576064,1
sleep_LGF600L045d2a20_60,LG-F600L,CRC32 not,65732608,1
sleep_LGF600L045d2a20_60,LG-F600L,CRC32 not,115417088,1
sleep_LGF600L045d2a20_60,LG-F600L,CRC32 not,18939904,1
sleep_LGF600L045d2a20_60,LG-F600L,CRC32 not,37642240,1
sleep_LGF600L045d2a20_60,LG-F600L,CRC32 not,81559552,1
sleep_LGF600L045d2a20_60,LG-F600L,CRC32 not,92856320,1
sleep_LGF600L045d2a20_60,LG-F600L,CRC32 not,94437376,1
sleep_LGF600L045d2a20_60,LG-F600L,CRC32 not,42369024,1
sleep_LGF600L045d2a20_60,LG-F600L,CRC32 not,61792256,1
sleep_LGF600L045d2a20_60,LG-F600L,CRC32 not,62300160,1
sleep_LGF600L045d2a20_60,LG-F600L,CRC32 not,112205824,1
sleep_LGF600L045d2a20_60,LG-F600L,CRC32 not,46145536,1
sleep_LGF600L045d2a20_60,LG-F600L,CRC32 not,87973888,1
sleep_LGF600L045d2a20_60,LG-F600L,CRC32 not,31916032,1
sleep_LGF600L045d2a20_60,LG-F600L,CRC32 not,118743040,1
sleep_LGF600L045d2a20_60,LG-F600L,CRC32 not,26927104,1
sleep_LGF600L045d2a20_60,LG-F600L,CRC32 not,120619008,1
sleep_LGF600L045d2a20_60,LG-F600L,CRC32 not,99999744,1
sleep_LGF600L045d2a20_60,LG-F600L,CRC32 not,55721984,1
sleep_LGF600L045d2a20_60,LG-F600L,CRC32 not,15572992,1
sleep_LGF600L045d2a20_60,LG-F600L,CRC32 not,120332288,1
sleep_LGF600L045d2a20_60,LG-F600L,CRC32 not,6193152,1
sleep_LGF600L045d2a20_60,LG-F600L,CRC32 not,11550720,1
sleep_LGF600L045d2a20_60,LG-F600L,CRC32 not,121102336,1
sleep_LGF600L045d2a20_60,LG-F600L,CRC32 not,78864384,1
sleep_LGF600L045d2a20_60,LG-F600L,CRC32 not,115605504,1
sleep_LGF600L045d2a20_60,LG-F600L,CRC32 not,62324736,1
sleep_LGF600L045d2a20_60,LG-F600L,CRC32 not,105652224,1
sleep_LGF600L045d2a20_60,LG-F600L,CRC32 not,53829632,1
sleep_LGF600L045d2a20_60,LG-F600L,CRC32 not,54181888,1
sleep_LGF600L045d2a20_60,LG-F600L,CRC32 not,7233536,1
sleep_LGF600L045d2a20_60,LG-F600L,CRC32 not,85942272,1
sleep_LGF600L15482a10_60,LG-F600L,CRC32 not,36380672,1
sleep_LGF600L15482a10_60,LG-F600L,CRC32 not,23412736,1
sleep_LGF600L15482a10_60,LG-F600L,CRC32 not,100442112,1
sleep_LGF600L15482a10_60,LG-F600L,CRC32 not,37429248,1
sleep_LGF600L15482a10_60,LG-F600L,CRC32 not,93749248,2
sleep_LGF600L15482a10_60,LG-F600L,CRC32 not,103374848,1
sleep_LGF600L15482a10_60,LG-F600L,CRC32 not,11132928,1
sleep_LGF600L15482a10_60,LG-F600L,CRC32 not,3399680,1
sleep_LGF600L15482a10_60,LG-F600L,CRC32 not,14606336,1
sleep_LGF600L15482a10_60,LG-F600L,CRC32 not,55877632,1
sleep_LGF600L15482a10_60,LG-F600L,CRC32 not,30539776,1
sleep_LGF600L15482a10_60,LG-F600L,CRC32 not,47136768,1
sleep_LGF600L15482a10_60,LG-F600L,CRC32 not,51208192,1
sleep_LGF600L15482a10_60,LG-F600L,CRC32 not,80551936,1
sleep_LGF600L15482a10_60,LG-F600L,CRC32 not,91971584,1
sleep_LGF600L15482a10_60,LG-F600L,CRC32 not,31326208,1
sleep_LGF600L15482a10_60,LG-F600L,CRC32 not,55746560,1
sleep_LGF600L15482a10_60,LG-F600L,CRC32 not,53968896,1
sleep_LGF600L15482a10_60,LG-F600L,CRC32 not,60022784,1
sleep_LGF600L15482a10_60,LG-F600L,CRC32 not,23486464,1
sleep_LGF600L15482a10_60,LG-F600L,CRC32 not,40853504,1
sleep_LGF600L15482a10_60,LG-F600L,CRC32 not,37675008,1
sleep_LGF600L15482a10_60,LG-F600L,CRC32 not,20070400,1
sleep_LGF600L15482a10_60,LG-F600L,CRC32 not,14630912,1
sleep_LGF600L15482a10_60,LG-F600L,CRC32 not,7675904,1
sleep_LGF600L15482a10_60,LG-F600L,CRC32 not,26574848,1
sleep_LGF600L15482a10_60,LG-F600L,CRC32 not,96182272,1
sleep_LGF600L15482a10_60,LG-F600L,CRC32 not,116531200,1
sleep_LGF600L15482a10_60,LG-F600L,CRC32 not,99164160,1
sleep_LGF600L15482a10_60,LG-F600L,CRC32 not,77643776,1
sleep_LGF600L15482a10_60,LG-F600L,CRC32 not,59736064,1
sleep_LGF600L15482a10_60,LG-F600L,CRC32 not,69066752,1
sleep_LGF600L15482a10_60,LG-F600L,CRC32 not,61153280,1
sleep_LGF600L15482a10_60,LG-F600L,CRC32 not,59932672,1
sleep_LGF600L15482a10_60,LG-F600L,CRC32 not,59711488,1
sleep_LGF600L15482a10_60,LG-F600L,CRC32 not,61480960,1
sleep_LGF600L15482a10_60,LG-F600L,CRC32 not,111108096,1
sleep_LGF600L15482a10_60,LG-F600L,CRC32 not,110329856,1
sleep_LGF600L15482a10_60,LG-F600L,CRC32 not,48185344,1
sleep_LGF600L15482a10_60,LG-F600L,CRC32 not,47341568,1
sleep_LGF600L15482a10_60,LG-F600L,CRC32 not,3055616,1
sleep_LGF600L15482a10_60,LG-F600L,CRC32 not,15024128,1
sleep_LGF600L15482a10_60,LG-F600L,CRC32 not,4497408,1
sleep_LGF600L15482a10_60,LG-F600L,CRC32 not,55500800,1
sleep_LGF600L15482a10_60,LG-F600L,CRC32 not,47071232,1
sleep_LGF600L15482a10_60,LG-F600L,CRC32 not,113442816,1
sleep_LGF600L15482a10_60,LG-F600L,CRC32 not,51232768,1
sleep_LGF600L15482a10_60,LG-F600L,CRC32 not,81190912,1
sleep_LGF600L15482a10_60,LG-F600L,CRC32 not,93077504,1
sleep_LGF600L15482a10_60,LG-F600L,CRC32 not,47185920,1
sleep_LGF600L15482a10_60,LG-F600L,CRC32 not,42483712,1
sleep_LGF600L15482a10_60,LG-F600L,CRC32 not,2326528,1
sleep_LGF600L15482a10_60,LG-F600L,CRC32 not,13983744,1
sleep_LGF600L15482a10_60,LG-F600L,CRC32 not,16441344,1
sleep_LGF600L15482a10_60,LG-F600L,CRC32 not,117137408,1
sleep_LGF600L15482a10_60,LG-F600L,CRC32 not,116514816,1
sleep_LGF600L15482a10_60,LG-F600L,CRC32 not,77242368,1
sleep_LGF600L15482a10_60,LG-F600L,CRC32 not,87875584,1
sleep_LGF600L15482a10_60,LG-F600L,CRC32 not,37658624,1
sleep_LGF600L15482a10_60,LG-F600L,CRC32 not,7282688,1
sleep_LGF600L15482a10_60,LG-F600L,CRC32 not,85884928,1
sleep_LGF600L15482a10_60,LG-F600L,CRC32 not,63127552,1
sleep_LGF600L15482a10_60,LG-F600L,CRC32 not,92995584,1
sleep_LGF600L15482a10_60,LG-F600L,CRC32 not,11640832,1
sleep_LGF600L15482a10_60,LG-F600L,CRC32 not,35979264,1
sleep_LGF600L15482a10_60,LG-F600L,CRC32 not,31842304,1
sleep_LGF600L15482a10_60,LG-F600L,CRC32 not,102383616,1
sleep_LGF600L15482a10_60,LG-F600L,CRC32 not,92192768,1
sleep_LGF600L15482a10_60,LG-F600L,CRC32 not,24084480,1
sleep_LGF600L15482a10_60,LG-F600L,CRC32 not,94822400,1
sleep_LGF600L15482a10_60,LG-F600L,CRC32 not,42090496,1
sleep_LGF600L15482a10_60,LG-F600L,CRC32 not,108150784,1
sleep_LGF600L15482a10_60,LG-F600L,CRC32 not,47407104,1
sleep_LGF600L15482a10_60,LG-F600L,CRC32 not,61939712,1
sleep_LGF600L15482a10_60,LG-F600L,CRC32 not,50454528,1
sleep_LGF600L15482a10_60,LG-F600L,CRC32 not,12648448,1
sleep_LGF600L15482a10_60,LG-F600L,CRC32 not,71098368,1
sleep_LGF600L15482a10_60,LG-F600L,CRC32 not,74203136,1
sleep_LGF600L15482a10_60,LG-F600L,CRC32 not,100720640,1
sleep_LGF600L15482a10_60,LG-F600L,CRC32 not,12673024,1
sleep_LGF600L15482a10_60,LG-F600L,CRC32 not,17793024,1
sleep_LGF600L15482a10_60,LG-F600L,CRC32 not,68870144,1
sleep_LGF600L15482a10_60,LG-F600L,CRC32 not,27795456,1
sleep_LGF600L15482a10_60,LG-F600L,CRC32 not,55656448,1
sleep_LGF600L15482a10_60,LG-F600L,CRC32 not,81977344,1
sleep_LGF600L15482a10_60,LG-F600L,CRC32 not,119775232,1
sleep_LGF600L15482a10_60,LG-F600L,CRC32 not,88842240,1
sleep_LGF600L15482a10_60,LG-F600L,CRC32 not,85336064,1
sleep_LGF600L15482a10_60,LG-F600L,CRC32 not,13492224,1
sleep_LGF600L15482a10_60,LG-F600L,CRC32 not,43073536,1
sleep_LGF600L15482a10_60,LG-F600L,CRC32 not,68132864,1
sleep_LGF600L15482a10_60,LG-F600L,CRC32 not,81592320,1
sleep_LGF600L15482a10_60,LG-F600L,CRC32 not,15851520,1
sleep_LGF600L15482a10_60,LG-F600L,CRC32 not,60301312,1
sleep_LGF600L15482a10_60,LG-F600L,CRC32 not,55009280,1
sleep_LGF600L15482a10_60,LG-F600L,CRC32 not,84107264,2
sleep_LGF600L15482a10_60,LG-F600L,CRC32 not,52994048,1
sleep_LGF600L15482a10_60,LG-F600L,CRC32 not,19513344,1
sleep_LGF600L15482a10_60,LG-F600L,CRC32 not,11108352,1
sleep_LGF600L15482a10_60,LG-F600L,CRC32 not,109338624,1
sleep_LGF600L15482a10_60,LG-F600L,CRC32 not,109510656,1
sleep_LGF600L15482a10_60,LG-F600L,CRC32 not,109690880,1
sleep_LGF600L15482a10_60,LG-F600L,CRC32 not,57491456,1
sleep_LGF600L15482a10_60,LG-F600L,CRC32 not,119078912,1
sleep_LGF600L15482a10_60,LG-F600L,CRC32 not,62955520,1
sleep_LGF600L15482a10_60,LG-F600L,CRC32 not,110305280,1
sleep_LGF600L15482a10_60,LG-F600L,CRC32 not,108273664,1
sleep_LGF600L15482a10_60,LG-F600L,CRC32 not,52953088,1
sleep_LGF600L15482a10_60,LG-F600L,CRC32 not,105504768,1
sleep_LGF600L15482a10_60,LG-F600L,CRC32 not,14106624,1
sleep_LGF600L15482a10_60,LG-F600L,CRC32 not,117899264,1
sleep_LGF600L15482a10_60,LG-F600L,CRC32 not,24788992,1
sleep_LGF600L15482a10_60,LG-F600L,CRC32 not,110985216,1
sleep_LGF600L15482a10_60,LG-F600L,CRC32 not,63774720,1
sleep_LGF600L15482a10_60,LG-F600L,CRC32 not,64356352,1
sleep_LGF600L15482a10_60,LG-F600L,CRC32 not,55394304,1
sleep_LGF600L15482a10_60,LG-F600L,CRC32 not,89341952,1
sleep_LGF600L15482a10_60,LG-F600L,CRC32 not,104759296,1
sleep_LGF600L15482a10_60,LG-F600L,CRC32 not,47284224,1
sleep_LGF600L15482a10_60,LG-F600L,CRC32 not,88408064,1
sleep_LGF600L15482a10_60,LG-F600L,CRC32 not,14639104,1
sleep_LGF600L15482a10_60,LG-F600L,CRC32 not,78356480,1
sleep_LGF600L15482a10_60,LG-F600L,CRC32 not,38559744,1
sleep_LGF600L15482a10_60,LG-F600L,CRC32 not,60047360,1
sleep_LGF600L15482a10_60,LG-F600L,CRC32 not,105390080,1
sleep_LGF600L15482a10_60,LG-F600L,CRC32 not,64274432,1
sleep_LGF600L15482a10_60,LG-F600L,CRC32 not,55885824,1
sleep_LGF600L15482a10_60,LG-F600L,CRC32 not,84140032,1
sleep_LGF600L15482a10_60,LG-F600L,CRC32 not,53805056,1
sleep_LGF600L15482a10_60,LG-F600L,CRC32 not,85590016,1
sleep_LGF600L15482a10_60,LG-F600L,CRC32 not,38092800,1
sleep_LGF600L15482a10_60,LG-F600L,CRC32 not,60989440,1
sleep_LGF600L15482a10_60,LG-F600L,CRC32 not,4907008,1
sleep_LGF600L15482a10_60,LG-F600L,CRC32 not,47767552,1
sleep_LGF600L15482a10_60,LG-F600L,CRC32 not,72835072,1
sleep_LGF600L15482a10_60,LG-F600L,CRC32 not,83615744,1
sleep_LGF600L15482a10_60,LG-F600L,CRC32 not,63209472,2
sleep_LGF600L15482a10_60,LG-F600L,CRC32 not,119226368,1
sleep_LGF600L15482a10_60,LG-F600L,CRC32 not,63897600,1
sleep_LGF600L15482a10_60,LG-F600L,CRC32 not,65503232,1
sleep_LGF600L15482a10_60,LG-F600L,CRC32 not,31498240,1
sleep_LGF600L15482a10_60,LG-F600L,CRC32 not,10199040,1
sleep_LGF600L15482a10_60,LG-F600L,CRC32 not,50831360,1
sleep_LGF600L15482a10_60,LG-F600L,CRC32 not,64331776,1
sleep_LGF600L15482a10_60,LG-F600L,CRC32 not,117121024,1
sleep_LGF600L15482a10_60,LG-F600L,CRC32 not,68059136,1
sleep_LGF600L15482a10_60,LG-F600L,CRC32 not,81207296,1
sleep_LGF600L15482a10_60,LG-F600L,CRC32 not,71155712,1
sleep_LGF600L15482a10_60,LG-F600L,CRC32 not,77209600,1
sleep_LGF600L15482a10_60,LG-F600L,CRC32 not,72605696,1
sleep_LGF600L15482a10_60,LG-F600L,CRC32 not,61726720,1
sleep_LGF600L15482a10_60,LG-F600L,CRC32 not,79863808,1
sleep_LGF600L15482a10_60,LG-F600L,CRC32 not,61808640,1
sleep_LGF600L15482a10_60,LG-F600L,CRC32 not,31825920,1
sleep_LGF600L15482a10_60,LG-F600L,CRC32 not,91963392,1
sleep_LGF600L15482a10_60,LG-F600L,CRC32 not,53026816,1
sleep_LGF600L15482a10_60,LG-F600L,CRC32 not,89899008,1
sleep_LGF600L15482a10_60,LG-F600L,CRC32 not,81240064,1
sleep_LGF600L15482a10_60,LG-F600L,CRC32 not,59596800,1
sleep_LGF600L15482a10_60,LG-F600L,CRC32 not,90726400,1
sleep_LGF600L15482a10_60,LG-F600L,CRC32 not,81068032,1
sleep_LGF600L15482a10_60,LG-F600L,CRC32 not,69730304,1
sleep_LGF600L15482a10_60,LG-F600L,CRC32 not,28213248,1
sleep_LGF600L15482a10_60,LG-F600L,CRC32 not,98402304,1
sleep_LGF600L15482a10_60,LG-F600L,CRC32 not,85311488,1
sleep_LGF600L15482a10_60,LG-F600L,CRC32 not,58302464,1
sleep_LGF600L15482a10_60,LG-F600L,CRC32 not,56999936,1
sleep_LGF600L15482a10_60,LG-F600L,CRC32 not,425984,1
sleep_LGF600L15482a10_60,LG-F600L,CRC32 not,100646912,1
sleep_LGF600L15482a10_60,LG-F600L,CRC32 not,8650752,1
sleep_LGF600L15482a10_60,LG-F600L,CRC32 not,103571456,1
sleep_LGF600L15482a10_60,LG-F600L,CRC32 not,108339200,1
sleep_LGF600L15482a10_60,LG-F600L,CRC32 not,30466048,1
sleep_LGF600L15482a10_60,LG-F600L,CRC32 not,62013440,1
sleep_LGF600L15482a10_60,LG-F600L,CRC32 not,11599872,1
sleep_LGF600L15482a10_60,LG-F600L,CRC32 not,53886976,1
sleep_LGF600L15482a10_60,LG-F600L,CRC32 not,94928896,1
sleep_LGF600L15482a10_60,LG-F600L,CRC32 not,14958592,1
sleep_LGF600L15482a10_60,LG-F600L,CRC32 not,60014592,1
sleep_LGF600L15482a10_60,LG-F600L,CRC32 not,47022080,1
sleep_LGF600L15482a10_60,LG-F600L,CRC32 not,61308928,1
sleep_LGF600L15482a10_60,LG-F600L,CRC32 not,79093760,1
sleep_LGF600L15482a10_60,LG-F600L,CRC32 not,68075520,1
sleep_LGF600L15482a10_60,LG-F600L,CRC32 not,61349888,1
sleep_LGF600L15482a10_60,LG-F600L,CRC32 not,31154176,1
sleep_LGF600L15482a10_60,LG-F600L,CRC32 not,17342464,1
sleep_LGF600L15482a10_60,LG-F600L,CRC32 not,65921024,1
sleep_LGF600L15482a10_60,LG-F600L,CRC32 not,37822464,1
sleep_LGF600L15482a10_60,LG-F600L,CRC32 not,87834624,1
sleep_LGF600L15482a10_60,LG-F600L,CRC32 not,19570688,1
sleep_LGF600L15482a10_60,LG-F600L,CRC32 not,22224896,1
sleep_LGF600L15482a10_60,LG-F600L,CRC32 not,52559872,1
sleep_LGF600L15482a10_60,LG-F600L,CRC32 not,61104128,1
sleep_LGF600L15482a10_60,LG-F600L,CRC32 not,111321088,1
sleep_LGF600L15482a10_60,LG-F600L,CRC32 not,24387584,1
sleep_LGF600L15482a10_60,LG-F600L,CRC32 not,48332800,1
sleep_LGF600L15482a10_60,LG-F600L,CRC32 not,48414720,1
sleep_LGF600L15482a10_60,LG-F600L,CRC32 not,9912320,1
sleep_LGF600L15482a10_60,LG-F600L,CRC32 not,92684288,1
sleep_LGF600L15482a10_60,LG-F600L,CRC32 not,62611456,1
sleep_LGF600L15482a10_60,LG-F600L,CRC32 not,39485440,1
sleep_LGF600L15482a10_60,LG-F600L,CRC32 not,58499072,1
sleep_LGF600L15482a10_60,LG-F600L,CRC32 not,41517056,1
sleep_LGF600L15482a10_60,LG-F600L,CRC32 not,82272256,1
sleep_LGF600L15482a10_60,LG-F600L,CRC32 not,71041024,1
sleep_LGF600L15482a10_60,LG-F600L,CRC32 not,66068480,1
sleep_LGF600L15482a10_60,LG-F600L,CRC32 not,78372864,1
sleep_LGF600L18c83140_60,LG-F600L,CRC32 not,32301056,1
sleep_LGF600L18c83140_60,LG-F600L,CRC32 not,21258240,1
sleep_LGF600L18c83140_60,LG-F600L,CRC32 not,2146304,1
sleep_LGF600L18c83140_60,LG-F600L,CRC32 not,20504576,1
sleep_LGF600L18c83140_60,LG-F600L,CRC32 not,33988608,1
sleep_LGF600L18c83140_60,LG-F600L,CRC32 not,25829376,1
sleep_LGF600L18c83140_60,LG-F600L,CRC32 not,114139136,1
sleep_LGF600L18c83140_60,LG-F600L,CRC32 not,19619840,1
sleep_LGF600L18c83140_60,LG-F600L,CRC32 not,60817408,1
sleep_LGF600L18c83140_60,LG-F600L,CRC32 not,23543808,1
sleep_LGF600L18c83140_60,LG-F600L,CRC32 not,105693184,1
sleep_LGF600L18c83140_60,LG-F600L,CRC32 not,63340544,1
sleep_LGF600L18c83140_60,LG-F600L,CRC32 not,113303552,1
sleep_LGF600L18c83140_60,LG-F600L,CRC32 not,31031296,1
sleep_LGF600L18c83140_60,LG-F600L,CRC32 not,20963328,1
sleep_LGF600L18c83140_60,LG-F600L,CRC32 not,26288128,1
sleep_LGF600L18c83140_60,LG-F600L,CRC32 not,111779840,1
sleep_LGF600L18c83140_60,LG-F600L,CRC32 not,68722688,1
sleep_LGF600L18c83140_60,LG-F600L,CRC32 not,32784384,1
sleep_LGF600L18c83140_60,LG-F600L,CRC32 not,49299456,1
sleep_LGF600L18c83140_60,LG-F600L,CRC32 not,109207552,1
sleep_LGF600L18c83140_60,LG-F600L,CRC32 not,25731072,1
sleep_LGF600L18c83140_60,LG-F600L,CRC32 not,109617152,1
sleep_LGF600L18c83140_60,LG-F600L,CRC32 not,24125440,1
sleep_LGF600L18c83140_60,LG-F600L,CRC32 not,62201856,1
sleep_LGF600L18c83140_60,LG-F600L,CRC32 not,67887104,1
sleep_LGF600L18c83140_60,LG-F600L,CRC32 not,21946368,1
sleep_LGF600L1acd3140_60,LG-F600L,CRC32 not,27811840,1
sleep_LGF600L1acd3140_60,LG-F600L,CRC32 not,28794880,1
sleep_LGF600L1acd3140_60,LG-F600L,CRC32 not,30851072,1
sleep_LGF600L1acd3140_60,LG-F600L,CRC32 not,67633152,1
sleep_LGF600L1acd3140_60,LG-F600L,CRC32 not,48365568,1
sleep_LGF600L1acd3140_60,LG-F600L,CRC32 not,66904064,1
sleep_LGF600L1acd3140_60,LG-F600L,CRC32 not,19300352,1
sleep_LGF600L1acd3140_60,LG-F600L,CRC32 not,67346432,1
sleep_LGF600L1acd3140_60,LG-F600L,CRC32 not,103669760,1
sleep_LGF600L1acd3140_60,LG-F600L,CRC32 not,61997056,1
sleep_LGF600L1acd3140_60,LG-F600L,CRC32 not,92577792,1
sleep_LGF600L1acd3140_60,LG-F600L,CRC32 not,105938944,1
sleep_LGF600L1acd3140_60,LG-F600L,CRC32 not,49438720,1
sleep_LGF600L1acd3140_60,LG-F600L,CRC32 not,114630656,1
sleep_LGF600L1acd3140_60,LG-F600L,CRC32 not,88768512,1
sleep_LGF600L1acd3140_60,LG-F600L,CRC32 not,84713472,1
sleep_LGF600L1acd3140_60,LG-F600L,CRC32 not,102612992,1
sleep_LGF600L1acd3140_60,LG-F600L,CRC32 not,105684992,1
sleep_LGF600L1acd3140_60,LG-F600L,CRC32 not,44892160,1
sleep_LGF600L1acd3140_60,LG-F600L,CRC32 not,104677376,1
sleep_LGF600L1acd3140_60,LG-F600L,CRC32 not,35340288,1
sleep_LGF600L1acd3140_60,LG-F600L,CRC32 not,89530368,1
sleep_LGF600L1acd3140_60,LG-F600L,CRC32 not,63864832,1
sleep_LGF600L1acd3140_60,LG-F600L,CRC32 not,69877760,1
sleep_LGF600L1acd3140_60,LG-F600L,CRC32 not,30007296,1
sleep_LGF600L1acd3140_60,LG-F600L,CRC32 not,37724160,1
sleep_LGF600L1acd3140_60,LG-F600L,CRC32 not,115712000,1
sleep_LGF600L1acd3140_60,LG-F600L,CRC32 not,58155008,1
sleep_LGF600L1acd3140_60,LG-F600L,CRC32 not,23158784,1
sleep_LGF600L1acd3140_60,LG-F600L,CRC32 not,48824320,1
sleep_LGF600L1acd3140_60,LG-F600L,CRC32 not,38715392,1
sleep_LGF600L1acd3140_60,LG-F600L,CRC32 not,86990848,1
sleep_LGF600L1acd3140_60,LG-F600L,CRC32 not,82231296,1
sleep_LGF600L1acd3140_60,LG-F600L,CRC32 not,114425856,1
sleep_LGF600L1acd3140_60,LG-F600L,CRC32 not,57434112,1
sleep_LGF600L1acd3140_60,LG-F600L,CRC32 not,19570688,1
sleep_LGF600L1acd3140_60,LG-F600L,CRC32 not,36601856,1
sleep_LGF600L1acd3140_60,LG-F600L,CRC32 not,40026112,1
sleep_LGF600L1acd3140_60,LG-F600L,CRC32 not,23289856,1
sleep_LGF600L1acd3140_60,LG-F600L,CRC32 not,36397056,1
sleep_LGF600L1acd3140_60,LG-F600L,CRC32 not,14057472,1
sleep_LGF600L1acd3140_60,LG-F600L,CRC32 not,58376192,1
sleep_LGF600L1acd3140_60,LG-F600L,CRC32 not,68730880,1
sleep_LGF600L1acd3140_60,LG-F600L,CRC32 not,61014016,1
sleep_LGF600L1acd3140_60,LG-F600L,CRC32 not,57008128,1
sleep_LGF600L1acd3140_60,LG-F600L,CRC32 not,37085184,1
sleep_LGF600L1acd3140_60,LG-F600L,CRC32 not,65200128,1
sleep_LGF600L1acd3140_60,LG-F600L,CRC32 not,1753088,1
sleep_LGF600L1acd3140_60,LG-F600L,CRC32 not,114106368,1
sleep_LGF600L1acd3140_60,LG-F600L,CRC32 not,48832512,1
sleep_LGF600L1acd3140_60,LG-F600L,CRC32 not,65765376,1
sleep_LGF600L1acd3140_60,LG-F600L,CRC32 not,92561408,1
sleep_LGF600L1acd3140_60,LG-F600L,CRC32 not,54099968,1
sleep_LGF600L1acd3140_60,LG-F600L,CRC32 not,62513152,1
sleep_LGF600L1acd3140_60,LG-F600L,CRC32 not,30220288,1
sleep_LGF600L2ec23140_60,LG-F600L,CRC32 not,77414400,1
sleep_LGF600L2ec23140_60,LG-F600L,CRC32 not,19300352,1
sleep_LGF600L2ec23140_60,LG-F600L,CRC32 not,20160512,1
sleep_LGF600L2ec23140_60,LG-F600L,CRC32 not,79921152,1
sleep_LGF600L2ec23140_60,LG-F600L,CRC32 not,21381120,1
sleep_LGF600L2ec23140_60,LG-F600L,CRC32 not,81199104,1
sleep_LGF600L2ec23140_60,LG-F600L,CRC32 not,55107584,1
sleep_LGF600L2ec23140_60,LG-F600L,CRC32 not,57876480,1
sleep_LGF600L2ec23140_60,LG-F600L,CRC32 not,80691200,1
sleep_LGF600L2ec23140_60,LG-F600L,CRC32 not,45850624,1
sleep_LGF600L2ec23140_60,LG-F600L,CRC32 not,81567744,1
sleep_LGF600L2ec23140_60,LG-F600L,CRC32 not,21495808,1
sleep_LGF600L2ec23140_60,LG-F600L,CRC32 not,53469184,1
sleep_LGF600L2ec23140_60,LG-F600L,CRC32 not,50077696,1
sleep_LGF600L2ec23140_60,LG-F600L,CRC32 not,107749376,1
sleep_LGF600L2ec23140_60,LG-F600L,CRC32 not,65355776,1
sleep_LGF600L2ec23140_60,LG-F600L,CRC32 not,72212480,1
sleep_LGF600L2ec23140_60,LG-F600L,CRC32 not,1286144,1
sleep_LGF600L2ec23140_60,LG-F600L,CRC32 not,2007040,1
sleep_LGF600L2ec23140_60,LG-F600L,CRC32 not,58671104,1
sleep_LGF600L2ec23140_60,LG-F600L,CRC32 not,22716416,1
sleep_LGF600L2ec23140_60,LG-F600L,CRC32 not,82640896,1
sleep_LGF600L2ec23140_60,LG-F600L,CRC32 not,19423232,1
sleep_LGF600L2ec23140_60,LG-F600L,CRC32 not,20602880,1
sleep_LGF600L2ec23140_60,LG-F600L,CRC32 not,118906880,1
sleep_LGF600L2ec23140_60,LG-F600L,CRC32 not,49905664,1
sleep_LGF600L2ec23140_60,LG-F600L,CRC32 not,77225984,1
sleep_LGF600L2ec23140_60,LG-F600L,CRC32 not,101834752,1
sleep_LGF600L2ec23140_60,LG-F600L,CRC32 not,55902208,1
sleep_LGF600L2ec23140_60,LG-F600L,CRC32 not,77725696,1
sleep_LGF600L2ec23140_60,LG-F600L,CRC32 not,20824064,1
sleep_LGF600L2ec23140_60,LG-F600L,CRC32 not,79200256,1
sleep_LGF600L2ec23140_60,LG-F600L,CRC32 not,76832768,1
sleep_LGF600L2ec23140_60,LG-F600L,CRC32 not,335872,1
sleep_LGF600L2ec23140_60,LG-F600L,CRC32 not,101556224,1
sleep_LGF600L2ec23140_60,LG-F600L,CRC32 not,49922048,1
sleep_LGF600L2ec23140_60,LG-F600L,CRC32 not,39329792,1
sleep_LGF600L2ec23140_60,LG-F600L,CRC32 not,45449216,1
sleep_LGF600L2ec23140_60,LG-F600L,CRC32 not,30187520,1
sleep_LGF600L2ec23140_60,LG-F600L,CRC32 not,62586880,1
sleep_LGF600L2ec23140_60,LG-F600L,CRC32 not,36175872,1
sleep_LGF600L2ec23140_60,LG-F600L,CRC32 not,112148480,1
sleep_LGF600L2ec23140_60,LG-F600L,CRC32 not,86474752,1
sleep_LGF600L2ec23140_60,LG-F600L,CRC32 not,82935808,1
sleep_LGF600L2ec23140_60,LG-F600L,CRC32 not,79159296,1
sleep_LGF600L2ec23140_60,LG-F600L,CRC32 not,53649408,1
sleep_LGF600L2ec23140_60,LG-F600L,CRC32 not,105472000,1
sleep_LGF600L2ec23140_60,LG-F600L,CRC32 not,36077568,1
sleep_LGF600L2ec23140_60,LG-F600L,CRC32 not,16703488,1
sleep_LGF600L2ec23140_60,LG-F600L,CRC32 not,116899840,1
sleep_LGF600L2ec23140_60,LG-F600L,CRC32 not,16474112,1
sleep_LGF600L2ec23140_60,LG-F600L,CRC32 not,76472320,1
sleep_LGF600L2ec23140_60,LG-F600L,CRC32 not,51888128,1
sleep_LGF600L2ec23140_60,LG-F600L,CRC32 not,48357376,1
sleep_LGF600L35d63140_60,LG-F600L,CRC32 not,108347392,1
sleep_LGF600L35d63140_60,LG-F600L,CRC32 not,33226752,1
sleep_LGF600L35d63140_60,LG-F600L,CRC32 not,33497088,1
sleep_LGF600L35d63140_60,LG-F600L,CRC32 not,33964032,1
sleep_LGF600L35d63140_60,LG-F600L,CRC32 not,102891520,1
sleep_LGF600L35d63140_60,LG-F600L,CRC32 not,101433344,1
sleep_LGF600L35d63140_60,LG-F600L,CRC32 not,101400576,1
sleep_LGF600L35d63140_60,LG-F600L,CRC32 not,43876352,1
sleep_LGF600L35d63140_60,LG-F600L,CRC32 not,62685184,1
sleep_LGF600L35d63140_60,LG-F600L,CRC32 not,25706496,1
sleep_LGF600L35d63140_60,LG-F600L,CRC32 not,19701760,1
sleep_LGF600L35d63140_60,LG-F600L,CRC32 not,82214912,1
sleep_LGF600L35d63140_60,LG-F600L,CRC32 not,29777920,1
sleep_LGF600L35d63140_60,LG-F600L,CRC32 not,33202176,1
sleep_LGF600L35d63140_60,LG-F600L,CRC32 not,102072320,1
sleep_LGF600L35d63140_60,LG-F600L,CRC32 not,48144384,1
sleep_LGF600L35d63140_60,LG-F600L,CRC32 not,19972096,1
sleep_LGF600L35d63140_60,LG-F600L,CRC32 not,53493760,1
sleep_LGF600L35d63140_60,LG-F600L,CRC32 not,28139520,1
sleep_LGF600L35d63140_60,LG-F600L,CRC32 not,18825216,1
sleep_LGF600L35d63140_60,LG-F600L,CRC32 not,62234624,1
sleep_LGF600L35d63140_60,LG-F600L,CRC32 not,95723520,1
sleep_LGF600L35d63140_60,LG-F600L,CRC32 not,53559296,1
sleep_LGF600L35d63140_60,LG-F600L,CRC32 not,38993920,1
sleep_LGF600L35d63140_60,LG-F600L,CRC32 not,95772672,1
sleep_LGF600L35d63140_60,LG-F600L,CRC32 not,34578432,1
sleep_LGF600L35d63140_60,LG-F600L,CRC32 not,1409024,1
sleep_LGF600L35d63140_60,LG-F600L,CRC32 not,111837184,1
sleep_LGF600L35d63140_60,LG-F600L,CRC32 not,61693952,1
sleep_LGF600L35d63140_60,LG-F600L,CRC32 not,88080384,1
sleep_LGF600L35d63140_60,LG-F600L,CRC32 not,100556800,1
sleep_LGF600L35d63140_60,LG-F600L,CRC32 not,9314304,1
sleep_LGF600L35d63140_60,LG-F600L,CRC32 not,88203264,1
sleep_LGF600L35d63140_60,LG-F600L,CRC32 not,77266944,1
sleep_LGF600L35d63140_60,LG-F600L,CRC32 not,22675456,1
sleep_LGF600L35d63140_60,LG-F600L,CRC32 not,95584256,1
sleep_LGF600L35d63140_60,LG-F600L,CRC32 not,19365888,1
sleep_LGF600L35d63140_60,LG-F600L,CRC32 not,32808960,1
sleep_LGF600L35d63140_60,LG-F600L,CRC32 not,42139648,1
sleep_LGF600L35d63140_60,LG-F600L,CRC32 not,69763072,1
sleep_LGF600L35d63140_60,LG-F600L,CRC32 not,69894144,1
sleep_LGF600L35d63140_60,LG-F600L,CRC32 not,15785984,1
sleep_LGF600L35d63140_60,LG-F600L,CRC32 not,47226880,1
sleep_LGF600L35d63140_60,LG-F600L,CRC32 not,62300160,1
sleep_LGF600L35d63140_60,LG-F600L,CRC32 not,116146176,1
sleep_LGF600L35d63140_60,LG-F600L,CRC32 not,40132608,1
sleep_LGF600L35d63140_60,LG-F600L,CRC32 not,87572480,1
sleep_LGF600L35d63140_60,LG-F600L,CRC32 not,60211200,1
sleep_LGF600L35d63140_60,LG-F600L,CRC32 not,10682368,1
sleep_LGF600L35d63140_60,LG-F600L,CRC32 not,63537152,1
sleep_LGF600L35d63140_60,LG-F600L,CRC32 not,40345600,1
sleep_LGF600L35d63140_60,LG-F600L,CRC32 not,101875712,1
sleep_LGF600L35d63140_60,LG-F600L,CRC32 not,4726784,1
sleep_LGF600L35d63140_60,LG-F600L,CRC32 not,67739648,1
sleep_LGF600L35d63140_60,LG-F600L,CRC32 not,43712512,1
sleep_LGF600L35d63140_60,LG-F600L,CRC32 not,116432896,1
sleep_LGF600L35d63140_60,LG-F600L,CRC32 not,84049920,1
sleep_LGF600L35d63140_60,LG-F600L,CRC32 not,82337792,1
sleep_LGF600L35d63140_60,LG-F600L,CRC32 not,70557696,1
sleep_LGF600L35d63140_60,LG-F600L,CRC32 not,50601984,1
sleep_LGF600L35d63140_60,LG-F600L,CRC32 not,43163648,1
sleep_LGF600L35d63140_60,LG-F600L,CRC32 not,13230080,1
sleep_LGF600L35d63140_60,LG-F600L,CRC32 not,38813696,1
sleep_LGF600L35d63140_60,LG-F600L,CRC32 not,51724288,1
sleep_LGF600L35d63140_60,LG-F600L,CRC32 not,111067136,1
sleep_LGF600L35d63140_60,LG-F600L,CRC32 not,45547520,1
sleep_LGF600L35d63140_60,LG-F600L,CRC32 not,16515072,1
sleep_LGF600L35d63140_60,LG-F600L,CRC32 not,11223040,1
sleep_LGF600L35d63140_60,LG-F600L,CRC32 not,62185472,1
sleep_LGF600L35d63140_60,LG-F600L,CRC32 not,35913728,1
sleep_LGF600L35d63140_60,LG-F600L,CRC32 not,54927360,1
sleep_LGF600L35d63140_60,LG-F600L,CRC32 not,36126720,1
sleep_LGF600L35d63140_60,LG-F600L,CRC32 not,63889408,1
sleep_LGF600L36d63140_60,LG-F600L,CRC32 not,42573824,1
sleep_LGF600L36d63140_60,LG-F600L,CRC32 not,71049216,1
sleep_LGF600L36d63140_60,LG-F600L,CRC32 not,5357568,1
sleep_LGF600L36d63140_60,LG-F600L,CRC32 not,60514304,1
sleep_LGF600L36d63140_60,LG-F600L,CRC32 not,57253888,1
sleep_LGF600L36d63140_60,LG-F600L,CRC32 not,14344192,1
sleep_LGF600L36d63140_60,LG-F600L,CRC32 not,23887872,1
sleep_LGF600L36d63140_60,LG-F600L,CRC32 not,64520192,1
sleep_LGF600L36d63140_60,LG-F600L,CRC32 not,42123264,1
sleep_LGF600L36d63140_60,LG-F600L,CRC32 not,48128000,1
sleep_LGF600L36d63140_60,LG-F600L,CRC32 not,7356416,1
sleep_LGF600L36d63140_60,LG-F600L,CRC32 not,58540032,1
sleep_LGF600L36d63140_60,LG-F600L,CRC32 not,84639744,1
sleep_LGF600L36d63140_60,LG-F600L,CRC32 not,37797888,1
sleep_LGF600L36d63140_60,LG-F600L,CRC32 not,101629952,1
sleep_LGF600L36d63140_60,LG-F600L,CRC32 not,36610048,1
sleep_LGF600L36d63140_60,LG-F600L,CRC32 not,45244416,1
sleep_LGF600L36d63140_60,LG-F600L,CRC32 not,15867904,1
sleep_LGF600L36d63140_60,LG-F600L,CRC32 not,42827776,1
sleep_LGF600L36d63140_60,LG-F600L,CRC32 not,71606272,1
sleep_LGF600L36d63140_60,LG-F600L,CRC32 not,108789760,1
sleep_LGF600L36d63140_60,LG-F600L,CRC32 not,101023744,1
sleep_LGF600L36d63140_60,LG-F600L,CRC32 not,39591936,1
sleep_LGF600L36d63140_60,LG-F600L,CRC32 not,109682688,1
sleep_LGF600L36d63140_60,LG-F600L,CRC32 not,82624512,1
sleep_LGF600L36d63140_60,LG-F600L,CRC32 not,23724032,1
sleep_LGF600L36d63140_60,LG-F600L,CRC32 not,41181184,1
sleep_LGF600L36d63140_60,LG-F600L,CRC32 not,89047040,1
sleep_LGF600L36d63140_60,LG-F600L,CRC32 not,19791872,1
sleep_LGF600L36d63140_60,LG-F600L,CRC32 not,92700672,1
sleep_LGF600L36d63140_60,LG-F600L,CRC32 not,83918848,1
sleep_LGF600L36d63140_60,LG-F600L,CRC32 not,114515968,1
sleep_LGF600L36d63140_60,LG-F600L,CRC32 not,60391424,1
sleep_LGF600L36d63140_60,LG-F600L,CRC32 not,92135424,1
sleep_LGF600L36d63140_60,LG-F600L,CRC32 not,117612544,1
sleep_LGF600L36d63140_60,LG-F600L,CRC32 not,109314048,1
sleep_LGF600L36d63140_60,LG-F600L,CRC32 not,56082432,1
sleep_LGF600L36d63140_60,LG-F600L,CRC32 not,19824640,1
sleep_LGF600L36d63140_60,LG-F600L,CRC32 not,45711360,1
sleep_LGF600L36d63140_60,LG-F600L,CRC32 not,96813056,1
sleep_LGF600L36d63140_60,LG-F600L,CRC32 not,102088704,1
sleep_LGF600L36d63140_60,LG-F600L,CRC32 not,20832256,1
sleep_LGF600L36d63140_60,LG-F600L,CRC32 not,60080128,1
sleep_LGF600L36d63140_60,LG-F600L,CRC32 not,22224896,1
sleep_LGF600L36d63140_60,LG-F600L,CRC32 not,55148544,1
sleep_LGF600L36d63140_60,LG-F600L,CRC32 not,24633344,1
sleep_LGF600L36d63140_60,LG-F600L,CRC32 not,94986240,1
sleep_LGF600L36d63140_60,LG-F600L,CRC32 not,62963712,1
sleep_LGF600L36d63140_60,LG-F600L,CRC32 not,90791936,1
sleep_LGF600L36d63140_60,LG-F600L,CRC32 not,58310656,1
sleep_LGF600L36d63140_60,LG-F600L,CRC32 not,17547264,1
sleep_LGF600L36d63140_60,LG-F600L,CRC32 not,101015552,1
sleep_LGF600L36d63140_60,LG-F600L,CRC32 not,105472000,1
sleep_LGF600L36d63140_60,LG-F600L,CRC32 not,110116864,1
sleep_LGF600L36d63140_60,LG-F600L,CRC32 not,22151168,1
sleep_LGF600L36d63140_60,LG-F600L,CRC32 not,104513536,1
sleep_LGF600L36d63140_60,LG-F600L,CRC32 not,14163968,1
sleep_LGF600L36d63140_60,LG-F600L,CRC32 not,21340160,1
sleep_LGF600L36d63140_60,LG-F600L,CRC32 not,105373696,1
sleep_LGF600L36d63140_60,LG-F600L,CRC32 not,34594816,1
sleep_LGF600L36d63140_60,LG-F600L,CRC32 not,36937728,1
sleep_LGF600L36d63140_60,LG-F600L,CRC32 not,67624960,1
sleep_LGF600L36d63140_60,LG-F600L,CRC32 not,100868096,1
sleep_LGF600L36d63140_60,LG-F600L,CRC32 not,25223168,1
sleep_LGF600L36d63140_60,LG-F600L,CRC32 not,41762816,1
sleep_LGF600L36d63140_60,LG-F600L,CRC32 not,108085248,1
sleep_LGF600L36d63140_60,LG-F600L,CRC32 not,21012480,1
sleep_LGF600L36d63140_60,LG-F600L,CRC32 not,96780288,2
sleep_LGF600L36d63140_60,LG-F600L,CRC32 not,11239424,1
sleep_LGF600L36d63140_60,LG-F600L,CRC32 not,48709632,1
sleep_LGF600L36d63140_60,LG-F600L,CRC32 not,39305216,1
sleep_LGF600L36d63140_60,LG-F600L,CRC32 not,109559808,1
sleep_LGF600L36d63140_60,LG-F600L,CRC32 not,99237888,1
sleep_LGF600L36d63140_60,LG-F600L,CRC32 not,48234496,1
sleep_LGF600L36d63140_60,LG-F600L,CRC32 not,32366592,1
sleep_LGF600L36d63140_60,LG-F600L,CRC32 not,8380416,1
sleep_LGF600L36d63140_60,LG-F600L,CRC32 not,74514432,1
sleep_LGF600L36d63140_60,LG-F600L,CRC32 not,20709376,1
sleep_LGF600L36d63140_60,LG-F600L,CRC32 not,92225536,1
sleep_LGF600L36d63140_60,LG-F600L,CRC32 not,109101056,1
sleep_LGF600L36d63140_60,LG-F600L,CRC32 not,45326336,1
sleep_LGF600L36d63140_60,LG-F600L,CRC32 not,71639040,1
sleep_LGF600L36d63140_60,LG-F600L,CRC32 not,1368064,1
sleep_LGF600L36d63140_60,LG-F600L,CRC32 not,54181888,1
sleep_LGF600L36d63140_60,LG-F600L,CRC32 not,58597376,1
sleep_LGF600L36d63140_60,LG-F600L,CRC32 not,16744448,1
sleep_LGF600L36d63140_60,LG-F600L,CRC32 not,40419328,1
sleep_LGF600L36d63140_60,LG-F600L,CRC32 not,61030400,1
sleep_LGF600L36d63140_60,LG-F600L,CRC32 not,4276224,1
sleep_LGF600L36d63140_60,LG-F600L,CRC32 not,50798592,1
sleep_LGF600L36d63140_60,LG-F600L,CRC32 not,60473344,1
sleep_LGF600L36d63140_60,LG-F600L,CRC32 not,84623360,1
sleep_LGF600L36d63140_60,LG-F600L,CRC32 not,40591360,1
sleep_LGF600L36d63140_60,LG-F600L,CRC32 not,20717568,1
sleep_LGF600L36d63140_60,LG-F600L,CRC32 not,74981376,1
sleep_LGF600L36d63140_60,LG-F600L,CRC32 not,57827328,1
sleep_LGF600L36d63140_60,LG-F600L,CRC32 not,96231424,1
sleep_LGF600L36d63140_60,LG-F600L,CRC32 not,43319296,1
sleep_LGF600L36d63140_60,LG-F600L,CRC32 not,119332864,1
sleep_LGF600L36d63140_60,LG-F600L,CRC32 not,20357120,1
sleep_LGF600L36d63140_60,LG-F600L,CRC32 not,97607680,1
sleep_LGF600L36d63140_60,LG-F600L,CRC32 not,24002560,1
sleep_LGF600L36d63140_60,LG-F600L,CRC32 not,45637632,1
sleep_LGF600L36d63140_60,LG-F600L,CRC32 not,89407488,1
sleep_LGF600L36d63140_60,LG-F600L,CRC32 not,79470592,1
sleep_LGF600L36d63140_60,LG-F600L,CRC32 not,43778048,1
sleep_LGF600L36d63140_60,LG-F600L,CRC32 not,44703744,1
sleep_LGF600L36d63140_60,LG-F600L,CRC32 not,6307840,1
sleep_LGF600L36d63140_60,LG-F600L,CRC32 not,83509248,1
sleep_LGF600L38d63140_60,LG-F600L,CRC32 not,106045440,1
sleep_LGF600L38d63140_60,LG-F600L,CRC32 not,92160000,1
sleep_LGF600L38d63140_60,LG-F600L,CRC32 not,111304704,1
sleep_LGF600L38d63140_60,LG-F600L,CRC32 not,31531008,1
sleep_LGF600L38d63140_60,LG-F600L,CRC32 not,26181632,1
sleep_LGF600L38d63140_60,LG-F600L,CRC32 not,98762752,1
sleep_LGF600L38d63140_60,LG-F600L,CRC32 not,23076864,1
sleep_LGF600L38d63140_60,LG-F600L,CRC32 not,103776256,1
sleep_LGF600L38d63140_60,LG-F600L,CRC32 not,51052544,1
sleep_LGF600L38d63140_60,LG-F600L,CRC32 not,34103296,1
sleep_LGF600L38d63140_60,LG-F600L,CRC32 not,39165952,1
sleep_LGF600L38d63140_60,LG-F600L,CRC32 not,30941184,1
sleep_LGF600L38d63140_60,LG-F600L,CRC32 not,99295232,1
sleep_LGF600L38d63140_60,LG-F600L,CRC32 not,29679616,1
sleep_LGF600L38d63140_60,LG-F600L,CRC32 not,39927808,1
sleep_LGF600L38d63140_60,LG-F600L,CRC32 not,50520064,1
sleep_LGF600L38d63140_60,LG-F600L,CRC32 not,21561344,1
sleep_LGF600L38d63140_60,LG-F600L,CRC32 not,51167232,1
sleep_LGF600L38d63140_60,LG-F600L,CRC32 not,32579584,1
sleep_LGF600L38d63140_60,LG-F600L,CRC32 not,99729408,1
sleep_LGF600L38d63140_60,LG-F600L,CRC32 not,33398784,1
sleep_LGF600L38d63140_60,LG-F600L,CRC32 not,20799488,1
sleep_LGF600L38d63140_60,LG-F600L,CRC32 not,104333312,1
sleep_LGF600L38d63140_60,LG-F600L,CRC32 not,37560320,1
sleep_LGF600L38d63140_60,LG-F600L,CRC32 not,40894464,1
sleep_LGF600L38d63140_60,LG-F600L,CRC32 not,47980544,1
sleep_LGF600L38d63140_60,LG-F600L,CRC32 not,19521536,1
sleep_LGF600L38d63140_60,LG-F600L,CRC32 not,38264832,1
sleep_LGF600L38d63140_60,LG-F600L,CRC32 not,105512960,1
sleep_LGF600L38d63140_60,LG-F600L,CRC32 not,42573824,1
sleep_LGF600L38d63140_60,LG-F600L,CRC32 not,120700928,1
sleep_LGF600L38d63140_60,LG-F600L,CRC32 not,50872320,1
sleep_LGF600L38d63140_60,LG-F600L,CRC32 not,37683200,1
sleep_LGF600L8f662a10_60,LG-F600L,CRC32 not,85286912,1
sleep_LGF600L8f662a10_60,LG-F600L,CRC32 not,34594816,1
sleep_LGF600L8f662a10_60,LG-F600L,CRC32 not,107855872,1
sleep_LGF600L8f662a10_60,LG-F600L,CRC32 not,62824448,1
sleep_LGF600L8f662a10_60,LG-F600L,CRC32 not,66551808,1
sleep_LGF600L8f662a10_60,LG-F600L,CRC32 not,106946560,1
sleep_LGF600L8f662a10_60,LG-F600L,CRC32 not,118439936,1
sleep_LGF600L8f662a10_60,LG-F600L,CRC32 not,88932352,1
sleep_LGF600L8f662a10_60,LG-F600L,CRC32 not,65527808,1
sleep_LGF600L8f662a10_60,LG-F600L,CRC32 not,80437248,1
sleep_LGF600L8f662a10_60,LG-F600L,CRC32 not,121544704,1
sleep_LGF600L8f662a10_60,LG-F600L,CRC32 not,34095104,1
sleep_LGF600L8f662a10_60,LG-F600L,CRC32 not,39518208,1
sleep_LGF600L8f662a10_60,LG-F600L,CRC32 not,84762624,1
sleep_LGF600L8f662a10_60,LG-F600L,CRC32 not,76062720,1
sleep_LGF600L8f662a10_60,LG-F600L,CRC32 not,105603072,1
sleep_LGF600L8f662a10_60,LG-F600L,CRC32 not,27066368,1
sleep_LGF600L8f662a10_60,LG-F600L,CRC32 not,83394560,1
sleep_LGF600L8f662a10_60,LG-F600L,CRC32 not,120201216,1
sleep_LGF600L8f662a10_60,LG-F600L,CRC32 not,20127744,1
sleep_LGF600L8f662a10_60,LG-F600L,CRC32 not,12271616,1
sleep_LGF600L8f662a10_60,LG-F600L,CRC32 not,37117952,1
sleep_LGF600L8f662a10_60,LG-F600L,CRC32 not,19087360,1
sleep_LGF600L8f662a10_60,LG-F600L,CRC32 not,27623424,1
sleep_LGF600L8f662a10_60,LG-F600L,CRC32 not,103243776,1
sleep_LGF600L8f662a10_60,LG-F600L,CRC32 not,61964288,1
sleep_LGF600L8f662a10_60,LG-F600L,CRC32 not,64987136,1
sleep_LGF600L8f662a10_60,LG-F600L,CRC32 not,64323584,1
sleep_LGF600L8f662a10_60,LG-F600L,CRC32 not,57196544,1
sleep_LGF600L8f662a10_60,LG-F600L,CRC32 not,87547904,1
sleep_LGF600L8f662a10_60,LG-F600L,CRC32 not,53960704,1
sleep_LGF600L8f662a10_60,LG-F600L,CRC32 not,80969728,1
sleep_LGF600L8f662a10_60,LG-F600L,CRC32 not,84459520,1
sleep_LGF600L8f662a10_60,LG-F600L,CRC32 not,86990848,1
sleep_LGF600L8f662a10_60,LG-F600L,CRC32 not,103038976,1
sleep_LGF600L8f662a10_60,LG-F600L,CRC32 not,65921024,1
sleep_LGF600L8f662a10_60,LG-F600L,CRC32 not,18325504,1
sleep_LGF600L8f662a10_60,LG-F600L,CRC32 not,102785024,1
sleep_LGF600L8f662a10_60,LG-F600L,CRC32 not,33071104,1
sleep_LGF600L8f662a10_60,LG-F600L,CRC32 not,74047488,1
sleep_LGF600L8f662a10_60,LG-F600L,CRC32 not,76275712,1
sleep_LGF600L8f662a10_60,LG-F600L,CRC32 not,38830080,1
sleep_LGF600L8f662a10_60,LG-F600L,CRC32 not,68599808,1
sleep_LGF600L8f662a10_60,LG-F600L,CRC32 not,102457344,1
sleep_LGF600L8f662a10_60,LG-F600L,CRC32 not,63315968,1
sleep_LGF600L8f662a10_60,LG-F600L,CRC32 not,106422272,1
sleep_LGF600L8f662a10_60,LG-F600L,CRC32 not,61464576,1
sleep_LGF600L8f662a10_60,LG-F600L,CRC32 not,37502976,1
sleep_LGF600L8f662a10_60,LG-F600L,CRC32 not,14434304,1
sleep_LGF600L8f662a10_60,LG-F600L,CRC32 not,40312832,1
sleep_LGF600L8f662a10_60,LG-F600L,CRC32 not,86261760,1
sleep_LGF600L8f662a10_60,LG-F600L,CRC32 not,34840576,1
sleep_LGF600L8f662a10_60,LG-F600L,CRC32 not,53026816,1
sleep_LGF600L8f662a10_60,LG-F600L,CRC32 not,104079360,1
sleep_LGF600L8f662a10_60,LG-F600L,CRC32 not,34668544,1
sleep_LGF600L8f662a10_60,LG-F600L,CRC32 not,87105536,1
sleep_LGF600L8f662a10_60,LG-F600L,CRC32 not,120176640,1
sleep_LGF600L8f662a10_60,LG-F600L,CRC32 not,36208640,1
sleep_LGF600L8f662a10_60,LG-F600L,CRC32 not,108986368,1
sleep_LGF600L8f662a10_60,LG-F600L,CRC32 not,87801856,1
sleep_LGF600L8f662a10_60,LG-F600L,CRC32 not,62611456,1
sleep_LGF600L8f662a10_60,LG-F600L,CRC32 not,104366080,1
sleep_LGF600L8f662a10_60,LG-F600L,CRC32 not,86704128,1
sleep_LGF600L8f662a10_60,LG-F600L,CRC32 not,109871104,1
sleep_LGF600L8f662a10_60,LG-F600L,CRC32 not,94609408,1
sleep_LGF600L8f662a10_60,LG-F600L,CRC32 not,81436672,1
sleep_LGF600L8f662a10_60,LG-F600L,CRC32 not,18399232,1
sleep_LGF600L8f662a10_60,LG-F600L,CRC32 not,118652928,1
sleep_LGF600L8f662a10_60,LG-F600L,CRC32 not,45613056,1
sleep_LGF600L8f662a10_60,LG-F600L,CRC32 not,54099968,1
sleep_LGF600L8f662a10_60,LG-F600L,CRC32 not,114982912,1
sleep_LGF600L8f662a10_60,LG-F600L,CRC32 not,106012672,1
sleep_LGF600L8f662a10_60,LG-F600L,CRC32 not,74915840,1
sleep_LGF600L8f662a10_60,LG-F600L,CRC32 not,39034880,1
sleep_LGF600L90cd3140_60,LG-F600L,CRC32 not,81297408,1
sleep_LGF600L90cd3140_60,LG-F600L,CRC32 not,57098240,1
sleep_LGF600L90cd3140_60,LG-F600L,CRC32 not,59703296,1
sleep_LGF600L90cd3140_60,LG-F600L,CRC32 not,122077184,1
sleep_LGF600L90cd3140_60,LG-F600L,CRC32 not,72138752,1
sleep_LGF600L90cd3140_60,LG-F600L,CRC32 not,40558592,1
sleep_LGF600L90cd3140_60,LG-F600L,CRC32 not,71245824,1
sleep_LGF600L90cd3140_60,LG-F600L,CRC32 not,56721408,1
sleep_LGF600L90cd3140_60,LG-F600L,CRC32 not,58023936,1
sleep_LGF600L90cd3140_60,LG-F600L,CRC32 not,113311744,1
sleep_LGF600L90cd3140_60,LG-F600L,CRC32 not,20709376,1
sleep_LGF600L90cd3140_60,LG-F600L,CRC32 not,39927808,1
sleep_LGF600L90cd3140_60,LG-F600L,CRC32 not,73007104,1
sleep_LGF600L90cd3140_60,LG-F600L,CRC32 not,50274304,1
sleep_LGF600L90cd3140_60,LG-F600L,CRC32 not,120987648,1
sleep_LGF600L945e2a10_60,LG-F600L,CRC32 not,53985280,1
sleep_LGF600L945e2a10_60,LG-F600L,CRC32 not,103374848,1
sleep_LGF600L945e2a10_60,LG-F600L,CRC32 not,50503680,1
sleep_LGF600L945e2a10_60,LG-F600L,CRC32 not,47472640,1
sleep_LGF600L945e2a10_60,LG-F600L,CRC32 not,88023040,1
sleep_LGF600L945e2a10_60,LG-F600L,CRC32 not,97853440,1
sleep_LGF600L945e2a10_60,LG-F600L,CRC32 not,51634176,1
sleep_LGF600L945e2a10_60,LG-F600L,CRC32 not,100761600,1
sleep_LGF600L945e2a10_60,LG-F600L,CRC32 not,90972160,1
sleep_LGF600L945e2a10_60,LG-F600L,CRC32 not,1777664,1
sleep_LGF600L945e2a10_60,LG-F600L,CRC32 not,87334912,1
sleep_LGF600L945e2a10_60,LG-F600L,CRC32 not,19030016,1
sleep_LGF600L945e2a10_60,LG-F600L,CRC32 not,23977984,1
sleep_LGF600L945e2a10_60,LG-F600L,CRC32 not,20013056,1
sleep_LGF600L945e2a10_60,LG-F600L,CRC32 not,86630400,1
sleep_LGF600L945e2a10_60,LG-F600L,CRC32 not,91299840,1
sleep_LGF600L945e2a10_60,LG-F600L,CRC32 not,43237376,1
sleep_LGF600L945e2a10_60,LG-F600L,CRC32 not,67747840,1
sleep_LGF600L945e2a10_60,LG-F600L,CRC32 not,42582016,1
sleep_LGF600L945e2a10_60,LG-F600L,CRC32 not,88735744,1
sleep_LGF600L945e2a10_60,LG-F600L,CRC32 not,20619264,1
sleep_LGF600L945e2a10_60,LG-F600L,CRC32 not,91938816,1
sleep_LGF600L945e2a10_60,LG-F600L,CRC32 not,80207872,1
sleep_LGF600L945e2a10_60,LG-F600L,CRC32 not,74661888,1
sleep_LGF600L945e2a10_60,LG-F600L,CRC32 not,49242112,1
sleep_LGF600L945e2a10_60,LG-F600L,CRC32 not,49577984,1
sleep_LGF600L945e2a10_60,LG-F600L,CRC32 not,89481216,1
sleep_LGF600L945e2a10_60,LG-F600L,CRC32 not,53166080,1
sleep_LGF600L945e2a10_60,LG-F600L,CRC32 not,99565568,1
sleep_LGF600L945e2a10_60,LG-F600L,CRC32 not,23158784,1
sleep_LGF600L945e2a10_60,LG-F600L,CRC32 not,67149824,1
sleep_LGF600L945e2a10_60,LG-F600L,CRC32 not,30425088,1
sleep_LGF600L945e2a10_60,LG-F600L,CRC32 not,19218432,1
sleep_LGF600L945e2a10_60,LG-F600L,CRC32 not,79642624,1
sleep_LGF600L945e2a10_60,LG-F600L,CRC32 not,36487168,1
sleep_LGF600L99d23140_60,LG-F600L,CRC32 not,46563328,1
sleep_LGF600L99d23140_60,LG-F600L,CRC32 not,19767296,1
sleep_LGF600L99d23140_60,LG-F600L,CRC32 not,100933632,1
sleep_LGF600L99d23140_60,LG-F600L,CRC32 not,54231040,1
sleep_LGF600L99d23140_60,LG-F600L,CRC32 not,59875328,1
sleep_LGF600L99d23140_60,LG-F600L,CRC32 not,59441152,1
sleep_LGF600L99d23140_60,LG-F600L,CRC32 not,40214528,1
sleep_LGF600L99d23140_60,LG-F600L,CRC32 not,33873920,1
sleep_LGF600L99d23140_60,LG-F600L,CRC32 not,38166528,1
sleep_LGF600L99d23140_60,LG-F600L,CRC32 not,20791296,1
sleep_LGF600L99d23140_60,LG-F600L,CRC32 not,52944896,1
sleep_LGF600L99d23140_60,LG-F600L,CRC32 not,38535168,1
sleep_LGF600L99d23140_60,LG-F600L,CRC32 not,57106432,1
sleep_LGF600L99d23140_60,LG-F600L,CRC32 not,58875904,1
sleep_LGF600L99d23140_60,LG-F600L,CRC32 not,61276160,1
sleep_LGF600L99d23140_60,LG-F600L,CRC32 not,14286848,1
sleep_LGF600L99d23140_60,LG-F600L,CRC32 not,122093568,1
sleep_LGF600L99d23140_60,LG-F600L,CRC32 not,59965440,1
sleep_LGF600L99d23140_60,LG-F600L,CRC32 not,98836480,1
sleep_LGF600L99d23140_60,LG-F600L,CRC32 not,110477312,1
sleep_LGF600L99d23140_60,LG-F600L,CRC32 not,20414464,1
sleep_LGF600L99d23140_60,LG-F600L,CRC32 not,65372160,1
sleep_LGF600L99d23140_60,LG-F600L,CRC32 not,58236928,1
sleep_LGF600L99d23140_60,LG-F600L,CRC32 not,46104576,1
sleep_LGF600L99d23140_60,LG-F600L,CRC32 not,47185920,1
sleep_LGF600L99d23140_60,LG-F600L,CRC32 not,100073472,1
sleep_LGF600L99d23140_60,LG-F600L,CRC32 not,15376384,1
sleep_LGF600L99d23140_60,LG-F600L,CRC32 not,19382272,1
sleep_LGF600L99d23140_60,LG-F600L,CRC32 not,55746560,1
sleep_LGF600L99d23140_60,LG-F600L,CRC32 not,101236736,1
sleep_LGF600L99d23140_60,LG-F600L,CRC32 not,36773888,1
sleep_LGF600L99d23140_60,LG-F600L,CRC32 not,34578432,1
sleep_LGF600L99d23140_60,LG-F600L,CRC32 not,47169536,1
sleep_LGF600L99d23140_60,LG-F600L,CRC32 not,53911552,1
sleep_LGF600L99d23140_60,LG-F600L,CRC32 not,91783168,1
sleep_LGF600L99d23140_60,LG-F600L,CRC32 not,59711488,1
sleep_LGF600L99d23140_60,LG-F600L,CRC32 not,51724288,1
sleep_LGF600L99d23140_60,LG-F600L,CRC32 not,17080320,1
sleep_LGF600Lb1d23140_60,LG-F600L,CRC32 not,113164288,1
sleep_LGF600Lb1d23140_60,LG-F600L,CRC32 not,29016064,1
sleep_LGF600Lb1d23140_60,LG-F600L,CRC32 not,28295168,1
sleep_LGF600Lb1d23140_60,LG-F600L,CRC32 not,30343168,1
sleep_LGF600Lb1d23140_60,LG-F600L,CRC32 not,58105856,1
sleep_LGF600Lb1d23140_60,LG-F600L,CRC32 not,99360768,1
sleep_LGF600Lb1d23140_60,LG-F600L,CRC32 not,78528512,1
sleep_LGF600Lb1d23140_60,LG-F600L,CRC32 not,32325632,1
sleep_LGF600Lb1d23140_60,LG-F600L,CRC32 not,80257024,1
sleep_LGF600Lb1d23140_60,LG-F600L,CRC32 not,19030016,1
sleep_LGF600Lb1d23140_60,LG-F600L,CRC32 not,29220864,1
sleep_LGF600Lb1d23140_60,LG-F600L,CRC32 not,30269440,1
sleep_LGF600Lb1d23140_60,LG-F600L,CRC32 not,101015552,1
sleep_LGF600Lb1d23140_60,LG-F600L,CRC32 not,76455936,1
sleep_LGF600Lb1d23140_60,LG-F600L,CRC32 not,19292160,1
sleep_LGF600Lb1d23140_60,LG-F600L,CRC32 not,118530048,1
sleep_LGF600Lb1d23140_60,LG-F600L,CRC32 not,11567104,1
sleep_LGF600Lb1d23140_60,LG-F600L,CRC32 not,99762176,1
sleep_LGF600Lb1d23140_60,LG-F600L,CRC32 not,74366976,1
sleep_LGF600Lb1d23140_60,LG-F600L,CRC32 not,102236160,1
sleep_LGF600Lb1d23140_60,LG-F600L,CRC32 not,29466624,1
sleep_LGF600Lb1d23140_60,LG-F600L,CRC32 not,31031296,1
sleep_LGF600Lb1d23140_60,LG-F600L,CRC32 not,103006208,1
sleep_LGF600Lb1d23140_60,LG-F600L,CRC32 not,71565312,1
sleep_LGF600Lb1d23140_60,LG-F600L,CRC32 not,27205632,1
sleep_LGF600Lb1d23140_60,LG-F600L,CRC32 not,28614656,1
sleep_LGF600Lb1d23140_60,LG-F600L,CRC32 not,114466816,1
sleep_LGF600Lb1d23140_60,LG-F600L,CRC32 not,56090624,1
sleep_LGF600Lb1d23140_60,LG-F600L,CRC32 not,81215488,1
sleep_LGF600Lb1d23140_60,LG-F600L,CRC32 not,79380480,1
sleep_LGF600Lb1d23140_60,LG-F600L,CRC32 not,75243520,1
sleep_LGF600Lb1d23140_60,LG-F600L,CRC32 not,73269248,1
sleep_LGF600Lb1d23140_60,LG-F600L,CRC32 not,77447168,1
sleep_LGF600Lb1d23140_60,LG-F600L,CRC32 not,55508992,1
sleep_LGF600Lb1d23140_60,LG-F600L,CRC32 not,99672064,1
sleep_LGF600Lb1d23140_60,LG-F600L,CRC32 not,77316096,1
sleep_LGF600Lb1d23140_60,LG-F600L,CRC32 not,114327552,1
sleep_LGF600Lb1d23140_60,LG-F600L,CRC32 not,80543744,1
sleep_LGF600Lc6d03140_60,LG-F600L,CRC32 not,55574528,1
sleep_LGF600Lc6d03140_60,LG-F600L,CRC32 not,19136512,1
sleep_LGF600Lc6d03140_60,LG-F600L,CRC32 not,106135552,1
sleep_LGF600Lc6d03140_60,LG-F600L,CRC32 not,104013824,1
sleep_LGF600Lc6d03140_60,LG-F600L,CRC32 not,35151872,1
sleep_LGF600Lc6d03140_60,LG-F600L,CRC32 not,56320000,1
sleep_LGF600Lc6d03140_60,LG-F600L,CRC32 not,70172672,1
sleep_LGF600Lc6d03140_60,LG-F600L,CRC32 not,58408960,1
sleep_LGF600Lc6d03140_60,LG-F600L,CRC32 not,23240704,1
sleep_LGF600Lc6d03140_60,LG-F600L,CRC32 not,80166912,1
sleep_LGF600Lc6d03140_60,LG-F600L,CRC32 not,20553728,1
sleep_LGF600Lc6d03140_60,LG-F600L,CRC32 not,35610624,1
sleep_LGF600Lc6d03140_60,LG-F600L,CRC32 not,34103296,1
sleep_LGF600Lc6d03140_60,LG-F600L,CRC32 not,57106432,1
sleep_LGF600Lc6d03140_60,LG-F600L,CRC32 not,83435520,1
sleep_LGF600Lc6d03140_60,LG-F600L,CRC32 not,39788544,1
sleep_LGF600Lc6d03140_60,LG-F600L,CRC32 not,3325952,1
sleep_LGF600Lc6d03140_60,LG-F600L,CRC32 not,121700352,1
sleep_LGF600Lc6d03140_60,LG-F600L,CRC32 not,23912448,1
sleep_LGF600Lc6d03140_60,LG-F600L,CRC32 not,91078656,1
sleep_LGF600Lc6d03140_60,LG-F600L,CRC32 not,107782144,1
sleep_LGF600Lc6d03140_60,LG-F600L,CRC32 not,55246848,1
sleep_LGF600Lc6d03140_60,LG-F600L,CRC32 not,102465536,1
sleep_LGF600Lc6d03140_60,LG-F600L,CRC32 not,107143168,1
sleep_LGF600Lc6d03140_60,LG-F600L,CRC32 not,74612736,1
sleep_LGF600Lc6d03140_60,LG-F600L,CRC32 not,19718144,1
sleep_LGF600Lc6d03140_60,LG-F600L,CRC32 not,22552576,1
sleep_LGF600Lc6d03140_60,LG-F600L,CRC32 not,23724032,1
sleep_LGF600Lc6d03140_60,LG-F600L,CRC32 not,81682432,1
sleep_LGF600Lc6d03140_60,LG-F600L,CRC32 not,58155008,1
sleep_LGF600Lc6d03140_60,LG-F600L,CRC32 not,98418688,1
sleep_LGF600Lc6d03140_60,LG-F600L,CRC32 not,32620544,1
sleep_LGF600Lc6d03140_60,LG-F600L,CRC32 not,22265856,1
sleep_LGF600Lc6d03140_60,LG-F600L,CRC32 not,80363520,1
